{"stats":{"minecraft:picked_up":{"minecraft:crafting_table":2,"minecraft:spruce_boat":1,"minecraft:spruce_sapling":8,"minecraft:spruce_log":14,"minecraft:cobblestone":14},"minecraft:dropped":{"minecraft:wooden_pickaxe":1,"alexsmobs:animal_dictionary":1,"minecraft:bread":576},"minecraft:mined":{"primalwinter:snowy_spruce_log":6,"primalwinter:snowy_spruce_leaves":1,"minecraft:stone":14,"treechop:chopped_log":2,"minecraft:crafting_table":2},"minecraft:custom":{"minecraft:time_since_rest":0,"minecraft:open_chest":3,"minecraft:crouch_one_cm":729,"minecraft:play_time":22900,"minecraft:sprint_one_cm":11150,"minecraft:deaths":3,"minecraft:damage_taken":720,"minecraft:walk_one_cm":24870,"minecraft:sneak_time":686,"minecraft:boat_one_cm":30348,"minecraft:drop":11,"minecraft:jump":85,"minecraft:leave_game":10,"minecraft:time_since_death":0,"minecraft:total_world_time":22900,"minecraft:interact_with_crafting_table":4,"minecraft:fall_one_cm":2250,"minecraft:fly_one_cm":25560},"minecraft:used":{"minecraft:spruce_boat":1,"minecraft:stone_axe":8,"minecraft:crafting_table":2,"minecraft:wooden_pickaxe":14},"minecraft:killed_by":{"minecraft:polar_bear":1,"minecraft:player":1},"minecraft:crafted":{"minecraft:stone_sword":1,"minecraft:spruce_boat":1,"minecraft:stone_axe":1,"minecraft:crafting_table":1,"minecraft:spruce_planks":56,"minecraft:stick":8,"minecraft:wooden_pickaxe":1,"minecraft:stone_pickaxe":1}},"DataVersion":3465}