{"stats":{"minecraft:mined":{"minecraft:powder_snow":3,"minecraft:crafting_table":3,"farmersdelight:tomatoes":2,"minecraft:sugar_cane":3,"minecraft:wall_torch":3,"minecraft:purple_bed":2,"minecraft:iron_ore":2,"aquamirae:wisteria_niveis":2,"minecraft:sweet_berry_bush":3,"minecraft:ice":8,"minecraft:andesite":2,"treechop:chopped_log":1,"minecraft:coal_ore":23,"minecraft:packed_ice":1,"minecraft:azalea_leaves":1,"primalwinter:snowy_spruce_leaves":2,"minecraft:stone":49,"primalwinter:snowy_dirt":2},"minecraft:crafted":{"minecraft:oak_planks":40,"sophisticatedbackpacks:backpack":1,"minecraft:crafting_table":1,"minecraft:wooden_pickaxe":1,"minecraft:stone_axe":1,"minecraft:oak_boat":1,"minecraft:stick":12,"quark:oak_chest":1,"minecraft:stone_pickaxe":1,"minecraft:wooden_axe":1,"minecraft:torch":16},"minecraft:used":{"minecraft:stone_pickaxe":69,"minecraft:wooden_pickaxe":19,"minecraft:leather_boots":1,"minecraft:torch":6,"minecraft:crafting_table":3,"minecraft:wooden_axe":1,"minecraft:bread":7,"minecraft:stone_axe":26,"minecraft:purple_bed":2,"alexsmobs:animal_dictionary":1,"minecraft:oak_boat":1},"minecraft:dropped":{"minecraft:wooden_pickaxe":1},"minecraft:killed":{"minecraft:pig":2},"minecraft:picked_up":{"ecologics:flowering_azalea_log":5,"minecraft:crafting_table":3,"minecraft:andesite":2,"minecraft:leather_leggings":1,"minecraft:leather":64,"artifacts:bunny_hoppers":1,"minecraft:wooden_pickaxe":1,"minecraft:potato":16,"minecraft:oak_log":448,"minecraft:dirt":2,"farmersdelight:tomato":1,"minecraft:string":64,"minecraft:leather_boots":1,"aquamirae:wisteria_niveis":2,"minecraft:oak_boat":1,"mca:villager_editor":1,"minecraft:azalea":2,"artifacts:steadfast_spikes":1,"minecraft:sugar_cane":13,"minecraft:stick":6,"minecraft:raw_iron":2,"ecologics:azalea_log":2,"minecraft:sweet_berries":12,"minecraft:torch":3,"minecraft:porkchop":4,"farmersdelight:tomato_seeds":2,"minecraft:spruce_sapling":2,"minecraft:purple_bed":3,"artifacts:villager_hat":1,"minecraft:bread":64,"mahoutsukai:guidebook":1,"minecraft:baked_potato":64,"minecraft:coal":23,"minecraft:cobblestone":49},"minecraft:custom":{"lootr:looted_stat":3,"minecraft:mob_kills":3,"minecraft:interact_with_crafting_table":11,"minecraft:leave_game":3,"minecraft:time_since_death":41112,"minecraft:sleep_in_bed":2,"minecraft:climb_one_cm":688,"minecraft:time_since_rest":1847,"minecraft:sprint_one_cm":91208,"minecraft:damage_taken":148,"minecraft:walk_one_cm":75206,"minecraft:drop":1,"minecraft:damage_dealt":368,"minecraft:swim_one_cm":1263,"minecraft:fly_one_cm":123463,"minecraft:crouch_one_cm":849,"minecraft:play_time":41112,"minecraft:sneak_time":245,"minecraft:walk_under_water_one_cm":2133,"minecraft:boat_one_cm":3464,"minecraft:jump":375,"minecraft:walk_on_water_one_cm":1818,"minecraft:total_world_time":41112,"minecraft:fall_one_cm":10177}},"DataVersion":3465}