{"stats":{"minecraft:picked_up":{"minecraft:crafting_table":4,"minecraft:potato":16,"mahoutsukai:scroll_strengthening":1,"minecraft:lantern":5,"minecraft:bone":2,"minecraft:spruce_planks":40,"minecraft:stone_pickaxe":1,"minecraft:stick":3,"patchouli:guide_book":3,"mahoutsukai:scroll_black_flame":1,"minecraft:porkchop":2,"minecraft:spruce_sapling":7,"minecraft:spruce_log":10,"alexsmobs:animal_dictionary":1,"minecraft:stone_sword":1,"minecraft:arrow":2,"minecraft:spruce_boat":1,"minecraft:stone_axe":1,"minecraft:bread":576,"minecraft:emerald":13,"minecraft:cobblestone":6},"minecraft:dropped":{"minecraft:bread":64,"minecraft:glow_ink_sac":1,"minecraft:oak_log":448,"minecraft:baked_potato":64,"alexsmobs:animal_dictionary":1,"mahoutsukai:guidebook":1,"artifacts:villager_hat":1,"minecraft:lantern":1,"minecraft:leather":64,"minecraft:dirt":1,"minecraft:potato":32,"primalwinter:snowy_stone":2,"primalwinter:snowy_dirt":1,"mca:villager_editor":1,"artifacts:steadfast_spikes":1,"minecraft:purple_bed":1,"minecraft:leather_boots":1,"minecraft:leather_leggings":1,"minecraft:arrow":2,"minecraft:string":64,"artifacts:bunny_hoppers":1,"minecraft:bone":2},"minecraft:mined":{"mahoutsukai:spell_cloth":2,"minecraft:powder_snow":3,"minecraft:crafting_table":3,"mahoutsukai:mahoujin_gravity_barrier":2,"mahoutsukai:mahoujin":2,"mahoutsukai:black_fire":6,"minecraft:ice":1,"treechop:chopped_log":1,"mahoutsukai:mahoujin_drain_life_barrier":1},"minecraft:custom":{"lootr:looted_stat":53,"minecraft:mob_kills":4,"minecraft:interact_with_crafting_table":3,"minecraft:open_barrel":2,"minecraft:leave_game":3,"minecraft:time_since_death":90147,"minecraft:sleep_in_bed":1,"minecraft:climb_one_cm":26,"minecraft:time_since_rest":21941,"minecraft:sprint_one_cm":31945,"minecraft:walk_one_cm":87311,"minecraft:damage_taken":336,"minecraft:drop":32,"minecraft:damage_dealt":950,"minecraft:swim_one_cm":1725,"minecraft:fly_one_cm":246237,"minecraft:player_kills":1,"minecraft:open_chest":6,"minecraft:crouch_one_cm":1205,"minecraft:play_time":159705,"minecraft:deaths":6,"minecraft:sneak_time":720,"minecraft:walk_under_water_one_cm":778,"minecraft:interact_with_lectern":1,"minecraft:jump":166,"minecraft:walk_on_water_one_cm":2882,"minecraft:total_world_time":159705,"minecraft:fall_one_cm":2001},"minecraft:used":{"mahoutsukai:spell_cloth":4,"minecraft:water_bucket":11,"minecraft:writable_book":2,"decorative_blocks:dark_oak_seat":8,"minecraft:spruce_door":2,"minecraft:snow_block":8,"minecraft:spruce_slab":3,"minecraft:stone_pickaxe":1,"minecraft:spruce_planks":118,"minecraft:spruce_sign":2,"minecraft:blue_bed":1,"minecraft:glow_ink_sac":2,"primalwinter:snowy_stone":3,"minecraft:crafting_table":3,"decorative_winter:snowy_thin_branch":6,"minecraft:spruce_fence":4,"minecraft:snowball":1,"minecraft:spruce_log":41,"fantasyfurniture:dunmer/shelf":2,"minecraft:glass":4,"minecraft:dark_oak_planks":98,"another_furniture:dark_oak_shelf":6,"quark:spruce_chest":1,"minecraft:lantern":18,"minecraft:iron_axe":3,"minecraft:bread":4,"minecraft:lectern":2,"minecraft:stone_axe":11,"fantasyfurniture:decorations/snowballs":4,"minecraft:brown_carpet":24,"primalwinter:snowy_dirt":7,"minecraft:bucket":10,"aquamirae:dagger_of_greed":16},"minecraft:killed":{"aquamirae:maw":1,"minecraft:vindicator":1,"minecraft:zombie":1},"minecraft:crafted":{"minecraft:crafting_table":1,"minecraft:spruce_planks":40,"mahoutsukai:powdered_iron":6,"minecraft:iron_axe":1,"quark:spruce_chest":1,"sophisticatedbackpacks:iron_backpack":1}},"DataVersion":3465}