{"stats":{"minecraft:used":{"primalwinter:snowy_stone":3,"minecraft:glass":4,"minecraft:dark_oak_planks":94,"minecraft:water_bucket":11,"minecraft:spruce_door":2,"minecraft:lantern":6,"primalwinter:snowy_dirt":6,"minecraft:spruce_slab":3,"minecraft:bucket":10,"minecraft:spruce_planks":118,"minecraft:spruce_fence":4,"minecraft:spruce_log":41},"minecraft:custom":{"minecraft:time_since_rest":6651,"minecraft:crouch_one_cm":155,"minecraft:play_time":47844,"minecraft:sprint_one_cm":82,"minecraft:walk_one_cm":18162,"minecraft:deaths":5,"minecraft:sneak_time":243,"minecraft:drop":4,"minecraft:jump":20,"minecraft:leave_game":2,"minecraft:time_since_death":6628,"minecraft:walk_on_water_one_cm":1208,"minecraft:total_world_time":47844,"minecraft:fly_one_cm":111810},"minecraft:dropped":{"minecraft:dirt":1,"primalwinter:snowy_stone":2,"primalwinter:snowy_dirt":1}},"DataVersion":3465}